{
    "0 GameObject Base": 
    {
        "0 vector m_Component": 
        {
            "0 Array Array": [
                {"0 ComponentPair data": 
                {
                    "0 PPtr<Component> component": 
                    {
                        "0 int m_FileID": 0,
                        "0 SInt64 m_PathID": -8378406238910272057
                    }
                }},
                {"0 ComponentPair data": 
                {
                    "0 PPtr<Component> component": 
                    {
                        "0 int m_FileID": 0,
                        "0 SInt64 m_PathID": 7845230863635732731
                    }
                }},
                {"0 ComponentPair data": 
                {
                    "0 PPtr<Component> component": 
                    {
                        "0 int m_FileID": 0,
                        "0 SInt64 m_PathID": -800025397275852112
                    }
                }}
            ]
        },
        "0 unsigned int m_Layer": 5,
        "1 string m_Name": "SensitivityValue_8x",
        "0 UInt16 m_Tag": 0,
        "0 bool m_IsActive": true
    }
}