{
    "0 GameObject Base": 
    {
        "0 vector m_Component": 
        {
            "0 Array Array": [
                {"0 ComponentPair data": 
                {
                    "0 PPtr<Component> component": 
                    {
                        "0 int m_FileID": 0,
                        "0 SInt64 m_PathID": 3044285688624860891
                    }
                }},
                {"0 ComponentPair data": 
                {
                    "0 PPtr<Component> component": 
                    {
                        "0 int m_FileID": 0,
                        "0 SInt64 m_PathID": 5096931492281552716
                    }
                }},
                {"0 ComponentPair data": 
                {
                    "0 PPtr<Component> component": 
                    {
                        "0 int m_FileID": 0,
                        "0 SInt64 m_PathID": 3546495549367691396
                    }
                }},
                {"0 ComponentPair data": 
                {
                    "0 PPtr<Component> component": 
                    {
                        "0 int m_FileID": 0,
                        "0 SInt64 m_PathID": -5443354825753023757
                    }
                }},
                {"0 ComponentPair data": 
                {
                    "0 PPtr<Component> component": 
                    {
                        "0 int m_FileID": 0,
                        "0 SInt64 m_PathID": 2311508608153847414
                    }
                }}
            ]
        },
        "0 unsigned int m_Layer": 5,
        "1 string m_Name": "SensitivyButton",
        "0 UInt16 m_Tag": 0,
        "0 bool m_IsActive": true
    }
}